outcome,observed_att,n_permutations,p_one_sided,p_two_sided,perm_att_p5,perm_att_p95
log_u5mr,-0.061783315076869405,1000,0.05094905094905095,0.10989010989010989,-0.061731397871846984,0.06435164783371143
