outcome,estimator,pre_rmspe,post_rmspe,rmspe_ratio,placebo_p_value,p_att_2010_2013,p_att_2010_2019,n_placebos,att_log_2010_2013,att_pct_2010_2013,att_log_2010_2019,att_pct_2010_2019
log_mmr,augsynth,0.008982935023654574,0.3073864409303767,34.218931799121606,0.8095238095238095,0.14285714285714285,0.2857142857142857,20,-0.11402437091487513,-10.77637889953088,-0.25521870172690286,-22.5252959084279
log_u5mr,augsynth,0.001534974648467183,0.03346047713321928,21.798716458693775,0.6666666666666666,0.6190476190476191,0.5714285714285714,20,0.0039294884634624005,0.3937219025656353,0.0011894089855184592,0.11901166129108583
